<beans:beans xmlns="http://www.springframework.org/schema/security"
             xmlns:security="http://www.springframework.org/schema/security"
             xmlns:beans="http://www.springframework.org/schema/beans"
             xmlns:xsi="http://www.w3.org/2001/XMLSchema-instance"
             xsi:schemaLocation="
                 http://www.springframework.org/schema/security http://www.springframework.org/schema/security/spring-security.xsd
                 http://www.springframework.org/schema/beans http://www.springframework.org/schema/beans/spring-beans.xsd">

<!--     정적 리소스는 보안 검증 제외 -->
    <http security="none" pattern="/resources/**" />

<!--     비밀번호 인코더 -->
    <beans:bean id="noopPasswordEncoder"
                class="org.springframework.security.crypto.password.NoOpPasswordEncoder"
                factory-method="getInstance" />

<!--     인증 관리자 -->
	<authentication-manager>
	  <authentication-provider>
	    <password-encoder ref="noopPasswordEncoder" />
	
	    <jdbc-user-service 
	      data-source-ref="dataSource"
	      users-by-username-query="
	        SELECT username, password, enabled 
	        FROM admin 
	        WHERE username = ?" 
	      authorities-by-username-query="
	        SELECT username, role AS authority 
	        FROM admin_auth 
	        WHERE username = ?" />
	  </authentication-provider>
	</authentication-manager>

<!--     일반 보안 설정 -->
    <security:http auto-config="true" use-expressions="true">
       <security:intercept-url pattern="/login" access="permitAll" />
       <security:intercept-url pattern="/customLogin" access="permitAll" />
       <security:intercept-url pattern="/user/**" access="hasRole('ROLE_USER')" />
        <security:intercept-url pattern="/admin/**" access="hasRole('ROLE_ADMIN')" />
        <security:intercept-url pattern="/member/**" access="hasRole('ROLE_MANAGER')" />

        <security:form-login 
          login-page="/customLogin"
          login-processing-url="/login"
          authentication-failure-url="/customLogin?error"
          default-target-url="/admin/dashboard"
          username-parameter="username"
          password-parameter="password" />

        <security:logout logout-url="/logout" logout-success-url="/" />
        <security:access-denied-handler ref="customAccessDeniedHandler" />
        
        <security:csrf disabled="true" />
    </security:http>
    
    <beans:bean id="customAccessDeniedHandler"
    class="org.zerock.security.CustomAccessDeniedHandler" />
    
   <debug />
    
</beans:beans>
